input\First000000000.jpg	First
input\First000000001.jpg	First
input\First000000002.jpg	First
input\First000000003.jpg	First
input\First000000004.jpg	First
input\First000000005.jpg	First
input\First000000006.jpg	First
input\First000000007.jpg	First
input\First000000008.jpg	First
input\First000000009.jpg	First
input\First000000010.jpg	First
input\First000000011.jpg	First
input\First000000012.jpg	First
input\First000000013.jpg	First
input\First000000014.jpg	First
input\First000000015.jpg	First
input\First000000016.jpg	First
input\First000000017.jpg	First
input\First000000018.jpg	First
input\First000000019.jpg	First
input\First000000020.jpg	First
input\First000000021.jpg	First
input\First000000022.jpg	First
input\First000000023.jpg	First
input\First000000024.jpg	First
input\First000000025.jpg	First
input\First000000026.jpg	First
input\First000000027.jpg	First
input\First000000028.jpg	First
input\First000000029.jpg	First
input\First000000030.jpg	First
input\First000000031.jpg	First
input\First000000032.jpg	First
input\First000000033.jpg	First
input\First000000034.jpg	First
input\First000000035.jpg	First
input\First000000036.jpg	First
input\First000000037.jpg	First
input\First000000038.jpg	First
input\First000000039.jpg	First
input\First000000040.jpg	First
input\First000000041.jpg	First
input\First000000042.jpg	First
input\First000000043.jpg	First
input\First000000044.jpg	First
input\First000000045.jpg	First
input\First000000046.jpg	First
input\First000000047.jpg	First
input\First000000048.jpg	First
input\First000000049.jpg	First
input\First000000050.jpg	First
input\First000000051.jpg	First
input\First000000052.jpg	First
input\First000000053.jpg	First
input\First000000054.jpg	First
input\First000000055.jpg	First
input\First000000056.jpg	First
input\First000000057.jpg	First
input\First000000058.jpg	First
input\First000000059.jpg	First
input\First000000060.jpg	First
input\First000000061.jpg	First
input\First000000062.jpg	First
input\First000000063.jpg	First
input\First000000064.jpg	First
input\First000000065.jpg	First
input\First000000066.jpg	First
input\First000000067.jpg	First
input\First000000068.jpg	First
input\First000000069.jpg	First
input\First000000070.jpg	First
input\First000000071.jpg	First
input\First000000072.jpg	First
input\First000000073.jpg	First
input\First000000074.jpg	First
input\First000000075.jpg	First
input\First000000076.jpg	First
input\First000000077.jpg	First
input\First000000078.jpg	First
input\First000000079.jpg	First
input\First000000080.jpg	First
input\First000000081.jpg	First
input\First000000082.jpg	First
input\First000000083.jpg	First
input\First000000084.jpg	First
input\First000000085.jpg	First
input\First000000086.jpg	First
input\First000000087.jpg	First
input\First000000088.jpg	First
input\First000000089.jpg	First
input\First000000090.jpg	First
input\First000000091.jpg	First
input\First000000092.jpg	First
input\First000000093.jpg	First
input\First000000094.jpg	First
input\First000000095.jpg	First
input\First000000096.jpg	First
input\First000000097.jpg	First
input\First000000098.jpg	First
input\First000000099.jpg	First
input\First000000100.jpg	First
input\First000000101.jpg	First
input\First000000102.jpg	First
input\First000000103.jpg	First
input\First000000104.jpg	First
input\First000000105.jpg	First
input\First000000106.jpg	First
input\First000000107.jpg	First
input\First000000108.jpg	First
input\First000000109.jpg	First
input\First000000110.jpg	First
input\First000000111.jpg	First
input\First000000112.jpg	First
input\First000000113.jpg	First
input\First000000114.jpg	First
input\First000000115.jpg	First
input\First000000116.jpg	First
input\First000000117.jpg	First
input\First000000118.jpg	First
input\First000000119.jpg	First
input\First000000120.jpg	First
input\First000000121.jpg	First
input\First000000122.jpg	First
input\First000000123.jpg	First
input\First000000124.jpg	First
input\First000000125.jpg	First
input\Last000000000.jpg	Last
input\Last000000001.jpg	Last
input\Last000000002.jpg	Last
input\Last000000003.jpg	Last
input\Last000000004.jpg	Last
input\Last000000005.jpg	Last
input\Last000000006.jpg	Last
input\Last000000007.jpg	Last
input\Last000000008.jpg	Last
input\Last000000009.jpg	Last
input\Last000000010.jpg	Last
input\Last000000011.jpg	Last
input\Last000000012.jpg	Last
input\Last000000013.jpg	Last
input\Last000000014.jpg	Last
input\Last000000015.jpg	Last
input\Last000000016.jpg	Last
input\Last000000017.jpg	Last
input\Last000000018.jpg	Last
input\Last000000019.jpg	Last
input\Last000000020.jpg	Last
input\Last000000021.jpg	Last
input\Last000000022.jpg	Last
input\Last000000023.jpg	Last
input\Last000000024.jpg	Last
input\Last000000025.jpg	Last
input\Last000000026.jpg	Last
input\Last000000027.jpg	Last
input\Last000000028.jpg	Last
input\Last000000029.jpg	Last
input\Last000000030.jpg	Last
input\Last000000031.jpg	Last
input\Last000000032.jpg	Last
input\Last000000033.jpg	Last
input\Last000000034.jpg	Last
input\Last000000035.jpg	Last
input\Last000000036.jpg	Last
input\Last000000037.jpg	Last
input\Last000000038.jpg	Last
input\Last000000039.jpg	Last
input\Last000000040.jpg	Last
input\Last000000041.jpg	Last
input\Last000000042.jpg	Last
input\Last000000043.jpg	Last
input\Last000000044.jpg	Last
input\Last000000045.jpg	Last
input\Last000000046.jpg	Last
input\Last000000047.jpg	Last
input\Last000000048.jpg	Last
input\Last000000049.jpg	Last
input\Last000000050.jpg	Last
input\Last000000051.jpg	Last
input\Last000000052.jpg	Last
input\Last000000053.jpg	Last
input\Last000000054.jpg	Last
input\Last000000055.jpg	Last
input\Last000000056.jpg	Last
input\Last000000057.jpg	Last
input\Last000000058.jpg	Last
input\Last000000059.jpg	Last
input\Last000000060.jpg	Last
input\Last000000061.jpg	Last
input\Last000000062.jpg	Last
input\Last000000063.jpg	Last
input\Last000000064.jpg	Last
input\Last000000065.jpg	Last
input\Last000000066.jpg	Last
input\Last000000067.jpg	Last
input\Last000000068.jpg	Last
input\Last000000069.jpg	Last
input\Last000000070.jpg	Last
input\Last000000071.jpg	Last
input\Last000000072.jpg	Last
input\Last000000073.jpg	Last
input\Last000000074.jpg	Last
input\Last000000075.jpg	Last
input\Last000000076.jpg	Last
input\Last000000077.jpg	Last
input\Last000000078.jpg	Last
input\Last000000079.jpg	Last
input\Last000000080.jpg	Last
input\Last000000081.jpg	Last
input\Last000000082.jpg	Last
input\Last000000083.jpg	Last
input\Last000000084.jpg	Last
input\Last000000085.jpg	Last
input\Last000000086.jpg	Last
input\Last000000087.jpg	Last
input\Last000000088.jpg	Last
input\Last000000089.jpg	Last
input\Last000000090.jpg	Last
input\Last000000091.jpg	Last
input\Last000000092.jpg	Last
input\Last000000093.jpg	Last
input\Last000000094.jpg	Last
input\Last000000095.jpg	Last
input\Last000000096.jpg	Last
input\Last000000097.jpg	Last
input\Last000000098.jpg	Last
input\Last000000099.jpg	Last
input\Last000000100.jpg	Last
input\Last000000101.jpg	Last
input\Last000000102.jpg	Last
input\Last000000103.jpg	Last
input\Last000000104.jpg	Last
input\Last000000105.jpg	Last
input\Last000000106.jpg	Last
input\Last000000107.jpg	Last
input\Last000000108.jpg	Last
input\Last000000109.jpg	Last
input\Last000000110.jpg	Last
input\Last000000111.jpg	Last
input\Last000000112.jpg	Last
input\Last000000113.jpg	Last
input\Last000000114.jpg	Last
input\Last000000115.jpg	Last
input\Last000000116.jpg	Last
input\Last000000117.jpg	Last
input\Last000000118.jpg	Last
input\Last000000119.jpg	Last
input\Last000000120.jpg	Last
input\Last000000121.jpg	Last
input\Last000000122.jpg	Last
input\Last000000123.jpg	Last
input\Last000000124.jpg	Last
input\Last000000125.jpg	Last
input\Last000000126.jpg	Last
input\Last000000127.jpg	Last
input\Last000000128.jpg	Last
input\Last000000129.jpg	Last
input\Last000000130.jpg	Last
input\Last000000131.jpg	Last
input\Last000000132.jpg	Last
input\Last000000133.jpg	Last
input\Last000000134.jpg	Last
input\Last000000135.jpg	Last
input\Last000000136.jpg	Last
input\Last000000137.jpg	Last
input\Last000000138.jpg	Last
input\Last000000139.jpg	Last
input\Last000000140.jpg	Last
input\Last000000141.jpg	Last
input\Last000000142.jpg	Last
input\Last000000143.jpg	Last
input\Last000000144.jpg	Last
input\Last000000145.jpg	Last
input\Last000000146.jpg	Last
input\Last000000147.jpg	Last
input\Last000000148.jpg	Last
input\Last000000149.jpg	Last
input\Last000000150.jpg	Last
input\Last000000151.jpg	Last
input\Last000000152.jpg	Last
input\Last000000153.jpg	Last
input\Last000000154.jpg	Last
input\Last000000155.jpg	Last
input\Last000000156.jpg	Last
input\Last000000157.jpg	Last
input\Last000000158.jpg	Last
input\Last000000159.jpg	Last
input\Last000000160.jpg	Last
input\Last000000161.jpg	Last
input\Last000000162.jpg	Last
input\Last000000163.jpg	Last
input\Last000000164.jpg	Last
input\Last000000165.jpg	Last
input\Last000000166.jpg	Last
input\Last000000167.jpg	Last
input\Last000000168.jpg	Last
input\Last000000169.jpg	Last
input\Last000000170.jpg	Last
input\Last000000171.jpg	Last
input\Last000000172.jpg	Last
input\Last000000173.jpg	Last
input\Last000000174.jpg	Last
input\Last000000175.jpg	Last
input\Last000000176.jpg	Last
input\Last000000177.jpg	Last
input\Last000000178.jpg	Last
input\Last000000179.jpg	Last
input\Last000000180.jpg	Last
input\Last000000181.jpg	Last
input\Middle000000000.jpg	Middle
input\Middle000000001.jpg	Middle
input\Middle000000002.jpg	Middle
input\Middle000000003.jpg	Middle
input\Middle000000004.jpg	Middle
input\Middle000000005.jpg	Middle
input\Middle000000006.jpg	Middle
input\Middle000000007.jpg	Middle
input\Middle000000008.jpg	Middle
input\Middle000000009.jpg	Middle
input\Middle000000010.jpg	Middle
input\Middle000000011.jpg	Middle
input\Middle000000012.jpg	Middle
input\Middle000000013.jpg	Middle
input\Middle000000014.jpg	Middle
input\Middle000000015.jpg	Middle
input\Middle000000016.jpg	Middle
input\Middle000000017.jpg	Middle
input\Middle000000018.jpg	Middle
input\Middle000000019.jpg	Middle
input\Middle000000020.jpg	Middle
input\Middle000000021.jpg	Middle
input\Middle000000022.jpg	Middle
input\Middle000000023.jpg	Middle
input\Middle000000024.jpg	Middle
input\Middle000000025.jpg	Middle
input\Middle000000026.jpg	Middle
input\Middle000000027.jpg	Middle
input\Middle000000028.jpg	Middle
input\Middle000000029.jpg	Middle
input\Middle000000030.jpg	Middle
input\Middle000000031.jpg	Middle
input\Middle000000032.jpg	Middle
input\Middle000000033.jpg	Middle
input\Middle000000034.jpg	Middle
input\Middle000000035.jpg	Middle
input\Middle000000036.jpg	Middle
input\Middle000000037.jpg	Middle
input\Middle000000038.jpg	Middle
input\Middle000000039.jpg	Middle
input\Middle000000040.jpg	Middle
input\Middle000000041.jpg	Middle
input\Middle000000042.jpg	Middle
input\Middle000000043.jpg	Middle
input\Middle000000044.jpg	Middle
input\Middle000000045.jpg	Middle
input\Middle000000046.jpg	Middle
input\Middle000000047.jpg	Middle
input\Middle000000048.jpg	Middle
input\Middle000000049.jpg	Middle
input\Middle000000050.jpg	Middle
input\Middle000000051.jpg	Middle
input\Middle000000052.jpg	Middle
input\Middle000000053.jpg	Middle
input\Middle000000054.jpg	Middle
input\Middle000000055.jpg	Middle
input\Middle000000056.jpg	Middle
input\Middle000000057.jpg	Middle
input\Middle000000058.jpg	Middle
input\Middle000000059.jpg	Middle
input\Middle000000060.jpg	Middle
input\Middle000000061.jpg	Middle
input\Middle000000062.jpg	Middle
input\Middle000000063.jpg	Middle
input\Middle000000064.jpg	Middle
input\Middle000000065.jpg	Middle
input\Middle000000066.jpg	Middle
input\Middle000000067.jpg	Middle
input\Middle000000068.jpg	Middle
input\Middle000000069.jpg	Middle
input\Middle000000070.jpg	Middle
input\Middle000000071.jpg	Middle
input\Middle000000072.jpg	Middle
input\Middle000000073.jpg	Middle
input\Middle000000074.jpg	Middle
input\Middle000000075.jpg	Middle
input\Middle000000076.jpg	Middle
input\Middle000000077.jpg	Middle
input\Middle000000078.jpg	Middle
input\Middle000000079.jpg	Middle
input\Middle000000080.jpg	Middle
input\Middle000000081.jpg	Middle
input\Middle000000082.jpg	Middle
input\Middle000000083.jpg	Middle
input\Single000000000.jpg	Single
input\Single000000001.jpg	Single
input\Single000000002.jpg	Single
input\Single000000003.jpg	Single
input\Single000000004.jpg	Single
input\Single000000005.jpg	Single
input\Single000000006.jpg	Single
input\Single000000007.jpg	Single
input\Single000000008.jpg	Single
input\Single000000009.jpg	Single
input\Single000000010.jpg	Single
input\Single000000011.jpg	Single
input\Single000000012.jpg	Single
input\Single000000013.jpg	Single
input\Single000000014.jpg	Single
input\Single000000015.jpg	Single
input\Single000000016.jpg	Single
input\Single000000017.jpg	Single
input\Single000000018.jpg	Single
input\Single000000019.jpg	Single
input\Single000000020.jpg	Single
input\Single000000021.jpg	Single
input\Single000000022.jpg	Single
input\Single000000023.jpg	Single
input\Single000000024.jpg	Single
input\Single000000025.jpg	Single
input\Single000000026.jpg	Single
input\Single000000027.jpg	Single
input\Single000000028.jpg	Single
input\Single000000029.jpg	Single
input\Single000000030.jpg	Single
input\Single000000031.jpg	Single
input\Single000000032.jpg	Single
input\Single000000033.jpg	Single
input\Single000000034.jpg	Single
input\Single000000035.jpg	Single
input\Single000000036.jpg	Single
input\Single000000037.jpg	Single
input\Single000000038.jpg	Single
input\Single000000039.jpg	Single
input\Single000000040.jpg	Single
input\Single000000041.jpg	Single
input\Single000000042.jpg	Single
input\Single000000043.jpg	Single
input\Single000000044.jpg	Single
input\Single000000045.jpg	Single
input\Single000000046.jpg	Single
input\Single000000047.jpg	Single
input\Single000000048.jpg	Single
input\Single000000049.jpg	Single
input\Single000000050.jpg	Single
input\Single000000051.jpg	Single
input\Single000000052.jpg	Single
input\Single000000053.jpg	Single
input\Single000000054.jpg	Single
input\Single000000055.jpg	Single
input\Single000000056.jpg	Single
input\Single000000057.jpg	Single
input\Single000000058.jpg	Single
input\Single000000059.jpg	Single
input\Single000000060.jpg	Single
input\Single000000061.jpg	Single
input\Single000000062.jpg	Single
input\Single000000063.jpg	Single
input\Single000000064.jpg	Single
input\Single000000065.jpg	Single
input\Single000000066.jpg	Single
input\Single000000067.jpg	Single
input\Single000000068.jpg	Single
input\Single000000069.jpg	Single
input\Single000000070.jpg	Single
input\Single000000071.jpg	Single
input\Single000000072.jpg	Single
input\Single000000073.jpg	Single
input\Single000000074.jpg	Single
input\Single000000075.jpg	Single
input\Single000000076.jpg	Single
input\Single000000077.jpg	Single
input\Single000000078.jpg	Single
input\Single000000079.jpg	Single
input\Single000000080.jpg	Single
input\Single000000081.jpg	Single
input\Single000000082.jpg	Single
input\Single000000083.jpg	Single
input\Single000000084.jpg	Single
input\Single000000085.jpg	Single
input\Single000000086.jpg	Single
input\Single000000087.jpg	Single
input\Single000000088.jpg	Single
input\Single000000089.jpg	Single
input\Single000000090.jpg	Single
input\Single000000091.jpg	Single
input\Single000000092.jpg	Single
input\Single000000093.jpg	Single
input\Single000000094.jpg	Single
input\Single000000095.jpg	Single
input\Single000000096.jpg	Single
input\Single000000097.jpg	Single
input\Single000000098.jpg	Single
input\Single000000099.jpg	Single
input\Single000000100.jpg	Single
input\Single000000101.jpg	Single
input\Single000000102.jpg	Single
input\Single000000103.jpg	Single
input\Single000000104.jpg	Single
input\Single000000105.jpg	Single
input\Single000000106.jpg	Single
input\Single000000107.jpg	Single
input\Single000000108.jpg	Single
input\Single000000109.jpg	Single
input\Single000000110.jpg	Single
input\Single000000111.jpg	Single
input\Single000000112.jpg	Single
input\Single000000113.jpg	Single
input\Single000000114.jpg	Single
input\Single000000115.jpg	Single
input\Single000000116.jpg	Single
input\Single000000117.jpg	Single
input\Single000000118.jpg	Single
input\Single000000119.jpg	Single
input\Single000000120.jpg	Single
input\Single000000121.jpg	Single
input\Single000000122.jpg	Single
input\Single000000123.jpg	Single
input\Single000000124.jpg	Single
input\Single000000125.jpg	Single
input\Single000000126.jpg	Single
input\Single000000127.jpg	Single
input\Single000000128.jpg	Single
input\Single000000129.jpg	Single
input\Single000000130.jpg	Single
input\Single000000131.jpg	Single
input\Single000000132.jpg	Single
input\Single000000133.jpg	Single
input\Single000000134.jpg	Single
input\Single000000135.jpg	Single
input\Single000000136.jpg	Single
input\Single000000137.jpg	Single
input\Single000000138.jpg	Single
input\Single000000139.jpg	Single
input\Single000000140.jpg	Single
input\Single000000141.jpg	Single
input\Single000000142.jpg	Single
input\Single000000143.jpg	Single
input\Single000000144.jpg	Single
input\Single000000145.jpg	Single
input\Single000000146.jpg	Single
input\Single000000147.jpg	Single
input\Single000000148.jpg	Single
input\Single000000149.jpg	Single
input\Single000000150.jpg	Single
input\Single000000151.jpg	Single
input\Single000000152.jpg	Single
input\Single000000153.jpg	Single
input\Single000000154.jpg	Single
input\Single000000155.jpg	Single
input\Single000000156.jpg	Single
input\Single000000157.jpg	Single
input\Single000000158.jpg	Single
input\Single000000159.jpg	Single
input\Single000000160.jpg	Single
input\Single000000161.jpg	Single
input\Single000000162.jpg	Single
input\Single000000163.jpg	Single
input\Single000000164.jpg	Single
input\Single000000165.jpg	Single
input\Single000000166.jpg	Single
input\Single000000167.jpg	Single
input\Single000000168.jpg	Single
input\Single000000169.jpg	Single
input\Single000000170.jpg	Single
input\Single000000171.jpg	Single
input\Single000000172.jpg	Single
input\Single000000173.jpg	Single
input\Single000000174.jpg	Single
input\Single000000175.jpg	Single
input\Single000000176.jpg	Single
input\Single000000177.jpg	Single
input\Single000000178.jpg	Single
input\Single000000179.jpg	Single
input\Single000000180.jpg	Single
input\Single000000181.jpg	Single
input\Single000000182.jpg	Single
input\Single000000183.jpg	Single
input\Single000000184.jpg	Single
input\Single000000185.jpg	Single
input\Single000000186.jpg	Single
input\Single000000187.jpg	Single
input\Single000000188.jpg	Single
input\Single000000189.jpg	Single
input\Single000000190.jpg	Single
input\Single000000191.jpg	Single
input\Single000000192.jpg	Single
input\Single000000193.jpg	Single
input\Single000000194.jpg	Single
input\Single000000195.jpg	Single
input\Single000000196.jpg	Single
input\Single000000197.jpg	Single
input\Single000000198.jpg	Single
input\Single000000199.jpg	Single
input\Single000000200.jpg	Single
input\Single000000201.jpg	Single
input\Single000000202.jpg	Single
input\Single000000203.jpg	Single
input\Single000000204.jpg	Single
input\Single000000205.jpg	Single
input\Single000000206.jpg	Single
input\Single000000207.jpg	Single
input\Single000000208.jpg	Single
input\Single000000209.jpg	Single
input\Single000000210.jpg	Single
input\Single000000211.jpg	Single
input\Single000000212.jpg	Single
input\Single000000213.jpg	Single
input\Single000000214.jpg	Single
input\Single000000215.jpg	Single
input\Single000000216.jpg	Single
input\Single000000217.jpg	Single
input\Single000000218.jpg	Single
input\Single000000219.jpg	Single
input\Single000000220.jpg	Single
input\Single000000221.jpg	Single
input\Single000000222.jpg	Single
input\Single000000223.jpg	Single
input\Single000000224.jpg	Single
input\Single000000225.jpg	Single
input\Single000000226.jpg	Single
input\Single000000227.jpg	Single
input\Single000000228.jpg	Single
input\Single000000229.jpg	Single
input\Single000000230.jpg	Single
input\Single000000231.jpg	Single
input\Single000000232.jpg	Single
input\Single000000233.jpg	Single
input\Single000000234.jpg	Single
input\Single000000235.jpg	Single
input\Single000000236.jpg	Single
input\Single000000237.jpg	Single
input\Single000000238.jpg	Single
input\Single000000239.jpg	Single
input\Single000000240.jpg	Single
input\Single000000241.jpg	Single
input\Single000000242.jpg	Single
input\Single000000243.jpg	Single
input\Single000000244.jpg	Single
input\Single000000245.jpg	Single
input\Single000000246.jpg	Single
input\Single000000247.jpg	Single
input\Single000000248.jpg	Single
input\Single000000249.jpg	Single
input\Single000000250.jpg	Single
input\Single000000251.jpg	Single
input\Single000000252.jpg	Single
input\Single000000253.jpg	Single
input\Single000000254.jpg	Single
input\Single000000255.jpg	Single
input\Single000000256.jpg	Single
input\Single000000257.jpg	Single
input\Single000000258.jpg	Single
input\Single000000259.jpg	Single
input\Single000000260.jpg	Single
input\Single000000261.jpg	Single
input\Single000000262.jpg	Single
input\Single000000263.jpg	Single
input\Single000000264.jpg	Single
input\Single000000265.jpg	Single
input\Single000000266.jpg	Single
input\Single000000267.jpg	Single
input\Single000000268.jpg	Single
input\Single000000269.jpg	Single
input\Single000000270.jpg	Single
input\Single000000271.jpg	Single
input\Single000000272.jpg	Single
input\Single000000273.jpg	Single
input\Single000000274.jpg	Single
input\Single000000275.jpg	Single
input\Single000000276.jpg	Single
input\Single000000277.jpg	Single
input\Single000000278.jpg	Single
input\Single000000279.jpg	Single
input\Single000000280.jpg	Single
input\Single000000281.jpg	Single
input\Single000000282.jpg	Single
input\Single000000283.jpg	Single
input\Single000000284.jpg	Single
input\Single000000285.jpg	Single
input\Single000000286.jpg	Single
input\Single000000287.jpg	Single
input\Single000000288.jpg	Single
input\Single000000289.jpg	Single
input\Single000000290.jpg	Single
input\Single000000291.jpg	Single
input\Single000000292.jpg	Single
input\Single000000293.jpg	Single
input\Single000000294.jpg	Single
input\Single000000295.jpg	Single
input\Single000000296.jpg	Single
input\Single000000297.jpg	Single
input\Single000000298.jpg	Single
input\Single000000299.jpg	Single
input\Single000000300.jpg	Single
input\Single000000301.jpg	Single
input\Single000000302.jpg	Single
input\Single000000303.jpg	Single
input\Single000000304.jpg	Single
input\Single000000305.jpg	Single
input\Single000000306.jpg	Single
input\Single000000307.jpg	Single
input\Single000000308.jpg	Single
input\Single000000309.jpg	Single
input\Single000000310.jpg	Single
input\Single000000311.jpg	Single
input\Single000000312.jpg	Single
input\Single000000313.jpg	Single
input\Single000000314.jpg	Single
input\Single000000315.jpg	Single
input\Single000000316.jpg	Single
input\Single000000317.jpg	Single
input\Single000000318.jpg	Single
input\Single000000319.jpg	Single
input\Single000000320.jpg	Single
input\Single000000321.jpg	Single
input\Single000000322.jpg	Single
input\Single000000323.jpg	Single
input\Single000000324.jpg	Single
input\Single000000325.jpg	Single
input\Single000000326.jpg	Single
input\Single000000327.jpg	Single
input\Single000000328.jpg	Single
input\Single000000329.jpg	Single
input\Single000000330.jpg	Single
input\Single000000331.jpg	Single
input\Single000000332.jpg	Single
input\Single000000333.jpg	Single
input\Single000000334.jpg	Single
input\Single000000335.jpg	Single
input\Single000000336.jpg	Single
input\Single000000337.jpg	Single
input\Single000000338.jpg	Single
input\Single000000339.jpg	Single
input\Single000000340.jpg	Single
input\Single000000341.jpg	Single
input\Single000000342.jpg	Single
input\Single000000343.jpg	Single
input\Single000000344.jpg	Single
input\Single000000345.jpg	Single
input\Single000000346.jpg	Single
input\Single000000347.jpg	Single
input\Single000000348.jpg	Single
input\Single000000349.jpg	Single
input\Single000000350.jpg	Single
input\Single000000351.jpg	Single
input\Single000000352.jpg	Single
input\Single000000353.jpg	Single
input\Single000000354.jpg	Single
input\Single000000355.jpg	Single
input\Single000000356.jpg	Single
input\Single000000357.jpg	Single
input\Single000000358.jpg	Single
input\Single000000359.jpg	Single
input\Single000000360.jpg	Single
input\Single000000361.jpg	Single
input\Single000000362.jpg	Single
input\Single000000363.jpg	Single
input\Single000000364.jpg	Single
input\Single000000365.jpg	Single
input\Single000000366.jpg	Single
input\Single000000367.jpg	Single
input\Single000000368.jpg	Single
input\Single000000369.jpg	Single
input\Single000000370.jpg	Single
input\Single000000371.jpg	Single
input\Single000000372.jpg	Single
input\Single000000373.jpg	Single
input\Single000000374.jpg	Single
input\Single000000375.jpg	Single
input\Single000000376.jpg	Single
input\Single000000377.jpg	Single
input\Single000000378.jpg	Single
input\Single000000379.jpg	Single
input\Single000000380.jpg	Single
input\Single000000381.jpg	Single
input\Single000000382.jpg	Single
input\Single000000383.jpg	Single
input\Single000000384.jpg	Single
input\Single000000385.jpg	Single
input\Single000000386.jpg	Single
input\Single000000387.jpg	Single
input\Single000000388.jpg	Single
input\Single000000389.jpg	Single
input\Single000000390.jpg	Single
input\Single000000391.jpg	Single
input\Single000000392.jpg	Single
input\Single000000393.jpg	Single
input\Single000000394.jpg	Single
input\Single000000395.jpg	Single
input\Single000000396.jpg	Single
input\Single000000397.jpg	Single
input\Single000000398.jpg	Single
input\Single000000399.jpg	Single
input\Single000000400.jpg	Single
input\Single000000401.jpg	Single
input\Single000000402.jpg	Single
input\Single000000403.jpg	Single
input\Single000000404.jpg	Single
input\Single000000405.jpg	Single
input\Single000000406.jpg	Single
input\Single000000407.jpg	Single
input\Single000000408.jpg	Single
input\Single000000409.jpg	Single
input\Single000000410.jpg	Single
input\Single000000411.jpg	Single
input\Single000000412.jpg	Single
input\Single000000413.jpg	Single
input\Single000000414.jpg	Single
input\Single000000415.jpg	Single
input\Single000000416.jpg	Single
input\Single000000417.jpg	Single
input\Single000000418.jpg	Single
input\Single000000419.jpg	Single
input\Single000000420.jpg	Single
input\Single000000421.jpg	Single
input\Single000000422.jpg	Single
input\Single000000423.jpg	Single
input\Single000000424.jpg	Single
input\Single000000425.jpg	Single
input\Single000000426.jpg	Single
input\Single000000427.jpg	Single
input\Single000000428.jpg	Single
input\Single000000429.jpg	Single
input\Single000000430.jpg	Single
input\Single000000431.jpg	Single
input\Single000000432.jpg	Single
input\Single000000433.jpg	Single
input\Single000000434.jpg	Single
input\Single000000435.jpg	Single
input\Single000000436.jpg	Single
input\Single000000437.jpg	Single
input\Single000000438.jpg	Single
input\Single000000439.jpg	Single
input\Single000000440.jpg	Single
input\Single000000441.jpg	Single
input\Single000000442.jpg	Single
input\Single000000443.jpg	Single
input\Single000000444.jpg	Single
input\Single000000445.jpg	Single
input\Single000000446.jpg	Single
input\Single000000447.jpg	Single
input\Single000000448.jpg	Single
input\Single000000449.jpg	Single
input\Single000000450.jpg	Single
input\Single000000451.jpg	Single
input\Single000000452.jpg	Single
input\Single000000453.jpg	Single
input\Single000000454.jpg	Single
input\Single000000455.jpg	Single
input\Single000000456.jpg	Single
input\Single000000457.jpg	Single
input\Single000000458.jpg	Single
input\Single000000459.jpg	Single
input\Single000000460.jpg	Single
input\Single000000461.jpg	Single
input\Single000000462.jpg	Single
input\Single000000463.jpg	Single
input\Single000000464.jpg	Single
input\Single000000465.jpg	Single
input\Single000000466.jpg	Single
input\Single000000467.jpg	Single
input\Single000000468.jpg	Single
input\Single000000469.jpg	Single
input\Single000000470.jpg	Single
input\Single000000471.jpg	Single
input\Single000000472.jpg	Single
input\Single000000473.jpg	Single
input\Single000000474.jpg	Single
input\Single000000475.jpg	Single
input\Single000000476.jpg	Single
input\Single000000477.jpg	Single
input\Single000000478.jpg	Single
input\Single000000479.jpg	Single
input\Single000000480.jpg	Single
input\Single000000481.jpg	Single
input\Single000000482.jpg	Single
input\Single000000483.jpg	Single
input\Single000000484.jpg	Single
input\Single000000485.jpg	Single
input\Single000000486.jpg	Single
input\Single000000487.jpg	Single
input\Single000000488.jpg	Single
input\Single000000489.jpg	Single
input\Single000000490.jpg	Single
input\Single000000491.jpg	Single
input\Single000000492.jpg	Single
input\Single000000493.jpg	Single
input\Single000000494.jpg	Single
input\Single000000495.jpg	Single
input\Single000000496.jpg	Single
input\Single000000497.jpg	Single
input\Single000000498.jpg	Single
input\Single000000499.jpg	Single
input\Single000000500.jpg	Single
input\Single000000501.jpg	Single
input\Single000000502.jpg	Single
input\Single000000503.jpg	Single
input\Single000000504.jpg	Single
input\Single000000505.jpg	Single
input\Single000000506.jpg	Single
input\Single000000507.jpg	Single
input\Single000000508.jpg	Single
input\Single000000509.jpg	Single
input\Single000000510.jpg	Single
input\Single000000511.jpg	Single
input\Single000000512.jpg	Single
input\Single000000513.jpg	Single
input\Single000000514.jpg	Single
input\Single000000515.jpg	Single
input\Single000000516.jpg	Single
input\Single000000517.jpg	Single
input\Single000000518.jpg	Single
input\Single000000519.jpg	Single
input\Single000000520.jpg	Single
input\Single000000521.jpg	Single
input\Single000000522.jpg	Single
input\Single000000523.jpg	Single
input\Single000000524.jpg	Single
input\Single000000525.jpg	Single
input\Single000000526.jpg	Single
input\Single000000527.jpg	Single
input\Single000000528.jpg	Single
input\Single000000529.jpg	Single
input\Single000000530.jpg	Single
input\Single000000531.jpg	Single
input\Single000000532.jpg	Single
input\Single000000533.jpg	Single
input\Single000000534.jpg	Single
input\Single000000535.jpg	Single
input\Single000000536.jpg	Single
input\Single000000537.jpg	Single
input\Single000000538.jpg	Single
input\Single000000539.jpg	Single
input\Single000000540.jpg	Single
input\Single000000541.jpg	Single
